AddHandler application/x-httpd-php .php .html
RewriteEngine on
RedirectMatch 301 ^/ice/$ https://hitachi.asia/ice/

RedirectMatch 301 ^/ice/contact/index\.html$ https://hitachi.asia/ice/contact/index.html

RedirectMatch 301 ^/ice/products/index\.html$ https://hitachi.asia/ice/products/index.html

RedirectMatch 301 ^/ice/products/air_compressors/index\.html$ https://hitachi.asia/ice/products/air_compressors/index.html

RedirectMatch 301 ^/ice/products/transformers/index\.html$ https://hitachi.asia/ice/products/transformers/index.html

RedirectMatch 301 ^/ice/products/hoists/index\.html$ https://hitachi.asia/ice/products/hoists/index.html

RedirectMatch 301 ^/ice/products/inkjet_printers/index\.html$ https://hitachi.asia/ice/products/inkjet_printers/index.html

RedirectMatch 301 ^/ice/products/inverters/index\.html$ https://hitachi.asia/ice/products/inverters/index.html

RedirectMatch 301 ^/ice/products/motors/index\.html$ https://hitachi.asia/ice/products/motors/index.html

RedirectMatch 301 ^/ice/products/controller/index\.html$ https://hitachi.asia/ice/products/controller/index.html

RedirectMatch 301 ^/ice/products/pumps/index\.html$ https://hitachi.asia/ice/products/pumps/index.html

RedirectMatch 301 ^/ice/products/switches_breakers/index\.html$ https://hitachi.asia/ice/products/switches_breakers/index.html

RedirectMatch 301 ^/ice/products/blowers/index\.html$ https://hitachi.asia/ice/products/blowers/index.html

RedirectMatch 301 ^/ice/services/index\.html$ https://hitachi.asia/ice/services/index.html

RedirectMatch 301 ^/ice/about/index\.html$ https://hitachi.asia/ice/about/index.html

RedirectMatch 301 ^/ice/about/profile/index\.html$ https://hitachi.asia/ice/about/profile/index.html

RedirectMatch 301 ^/ice/about/history/index\.html$ https://hitachi.asia/ice/about/history/index.html

RedirectMatch 301 ^/ice/news/index\.html$ https://hitachi.asia/ice/news/index.html

RedirectMatch 301 ^/ice/news/2022/20221216/index\.html$ https://hitachi.asia/ice/news/2022/20221216/index.html

RedirectMatch 301 ^/ice/news/2020/20200114/index\.html$ https://hitachi.asia/ice/news/2020/20200114/index.html

RedirectMatch 301 ^/ice/news/2019/20191227/index\.html$ https://hitachi.asia/ice/news/2019/20191227/index.html

RedirectMatch 301 ^/ice/news/2019/20191119/index\.html$ https://hitachi.asia/ice/news/2019/20191119/index.html

RedirectMatch 301 ^/ice/news/2019/20190319\-2/index\.html$ https://hitachi.asia/ice/news/2019/20190319-2/index.html

RedirectMatch 301 ^/ice/news/2019/20190319\-1/index\.html$ https://hitachi.asia/ice/news/2019/20190319-1/index.html

RedirectMatch 301 ^/ice/news/2019/201901/index\.html$ https://hitachi.asia/ice/news/2019/201901/index.html

RedirectMatch 301 ^/ice/news/2018/201812/index\.html$ https://hitachi.asia/ice/news/2018/201812/index.html

RedirectMatch 301 ^/ice/news/2018/201811/index\.html$ https://hitachi.asia/ice/news/2018/201811/index.html

RedirectMatch 301 ^/ice/news/2018/201810/index\.html$ https://hitachi.asia/ice/news/2018/201810/index.html

RedirectMatch 301 ^/ice/news/2018/201809/index\.html$ https://hitachi.asia/ice/news/2018/201809/index.html

RedirectMatch 301 ^/ice/products/$ https://hitachi.asia/ice/products/

RedirectMatch 301 ^/ice/sitemap/index\.html$ https://hitachi.asia/ice/sitemap/index.html

RedirectMatch 301 ^/ice/index\.html$ https://hitachi.asia/ice/index.html

RedirectMatch 301 ^/ice/products/air_compressors/lubricated_bebicon/index\.html$ https://hitachi.asia/ice/products/air_compressors/lubricated_bebicon/index.html

RedirectMatch 301 ^/ice/products/air_compressors/oil_free_bebicon/index\.html$ https://www.hitachi.asia/ice/products/air_compressors/oil_free_bebicon/index.html

RedirectMatch 301 ^/ice/products/air_compressors/package_bebicon_oilflooded/index\.html$ https://www.hitachi.asia/ice/products/air_compressors/package_bebicon_oilflooded/index.html

RedirectMatch 301 ^/ice/products/air_compressors/package_bebicon_oilfree/index\.html$ https://www.hitachi.asia/ice/products/air_compressors/package_bebicon_oilfree/index.html

RedirectMatch 301 ^/ice/products/air_compressors/oil_free_scroll/index\.html$ https://www.hitachi.asia/ice/products/air_compressors/oil_free_scroll/index.html

RedirectMatch 301 ^/ice/products/air_compressors/booster_compressor/index\.html$ https://www.hitachi.asia/ice/products/air_compressors/booster_compressor/index.html

RedirectMatch 301 ^/ice/products/air_compressors/osp/index\.html$ https://www.hitachi.asia/ice/products/air_compressors/osp/index.html

RedirectMatch 301 ^/ice/products/air_compressors/dsp/index\.html$ https://www.hitachi.asia/ice/products/air_compressors/dsp/index.html

RedirectMatch 301 ^/ice/products/air_compressors/dsp\-g/index\.html$ https://www.hitachi.asia/ice/products/air_compressors/dsp-g/index.html

RedirectMatch 301 ^/ice/products/air_compressors/sds/index\.html$ https://www.hitachi.asia/ice/products/air_compressors/sds/index.html

RedirectMatch 301 ^/ice/products/air_compressors/airzeusnext2/index\.html$ https://www.hitachi.asia/ice/products/air_compressors/airzeusnext2/index.html

RedirectMatch 301 ^/ice/products/air_compressors/dryerfilter/index\.html$ https://www.hitachi.asia/ice/products/air_compressors/dryerfilter/index.html

RedirectMatch 301 ^/ice/products/air_compressors/mr/index\.html$ https://www.hitachi.asia/ice/products/air_compressors/mr/index.html

RedirectMatch 301 ^/ice/products/air_compressors/cosmos/index\.html$ https://www.hitachi.asia/ice/products/air_compressors/cosmos/index.html

RedirectMatch 301 ^/ice/products/air_compressors/applications/index\.html$ https://www.hitachi.asia/ice/products/air_compressors/applications/index.html

RedirectMatch 301 ^/ice/products/air_compressors/compressed_system/index\.html$ https://www.hitachi.asia/ice/products/air_compressors/compressed_system/index.html

RedirectMatch 301 ^/ice/products/air_compressors/energy_savings/index\.html$ https://www.hitachi.asia/ice/products/air_compressors/energy_savings/index.html

RedirectMatch 301 ^/ice/products/air_compressors/$ https://www.hitachi.asia/ice/products/air_compressors/

RedirectMatch 301 ^/ice/products/transformers/amorphous/index\.html$ https://www.hitachi.asia/ice/products/transformers/amorphous/index.html

RedirectMatch 301 ^/ice/products/transformers/oil\-immensed/index\.html$ https://www.hitachi.asia/ice/products/transformers/oil-immensed/index.html

RedirectMatch 301 ^/ice/products/transformers/molded/index\.html$ https://www.hitachi.asia/ice/products/transformers/molded/index.html

RedirectMatch 301 ^/ice/products/hoists/inverter_rope/index\.html$ https://www.hitachi.asia/ice/products/hoists/inverter_rope/index.html

RedirectMatch 301 ^/ice/products/hoists/rope/index\.html$ https://www.hitachi.asia/ice/products/hoists/rope/index.html

RedirectMatch 301 ^/ice/products/hoists/electric_chain/index\.html$ https://www.hitachi.asia/ice/products/hoists/electric_chain/index.html

RedirectMatch 301 ^/ice/products/hoists/crane_saddles01/index\.html$ https://www.hitachi.asia/ice/products/hoists/crane_saddles01/index.html

RedirectMatch 301 ^/ice/products/hoists/crane_saddles02/index\.html$ https://www.hitachi.asia/ice/products/hoists/crane_saddles02/index.html

RedirectMatch 301 ^/ice/products/hoists/applications/index\.html$ https://www.hitachi.asia/ice/products/hoists/applications/index.html

RedirectMatch 301 ^/ice/products/inkjet_printers/ux/index\.html$ https://www.hitachi.asia/ice/products/inkjet_printers/ux/index.html

RedirectMatch 301 ^/ice/products/inkjet_printers/rx2\-sd/index\.html$ https://www.hitachi.asia/ice/products/inkjet_printers/rx2-sd/index.html

RedirectMatch 301 ^/ice/products/inkjet_printers/rx2\-bd/index\.html$ https://www.hitachi.asia/ice/products/inkjet_printers/rx2-bd/index.html

RedirectMatch 301 ^/ice/products/inkjet_printers/ink/index\.html$ https://www.hitachi.asia/ice/products/inkjet_printers/ink/index.html

RedirectMatch 301 ^/ice/products/inkjet_printers/co2lasersystem/index\.html$ https://www.hitachi.asia/ice/products/inkjet_printers/co2lasersystem/index.html

RedirectMatch 301 ^/ice/products/inkjet_printers/markingchecker/index\.html$ https://www.hitachi.asia/ice/products/inkjet_printers/markingchecker/index.html

RedirectMatch 301 ^/ice/products/inkjet_printers/application/index\.html$ https://www.hitachi.asia/ice/products/inkjet_printers/application/index.html

RedirectMatch 301 ^/ice/products/inkjet_printers/sds/index\.html$ https://www.hitachi.asia/ice/products/inkjet_printers/sds/index.html

RedirectMatch 301 ^/ice/products/inverters/SJ\-P1/index\.html$ https://www.hitachi.asia/ice/products/inverters/SJ-P1/index.html

RedirectMatch 301 ^/ice/products/inverters/NE\-S1/index\.html$ https://www.hitachi.asia/ice/products/inverters/NE-S1/index.html

RedirectMatch 301 ^/ice/products/inverters/WJ200/index\.html$ https://www.hitachi.asia/ice/products/inverters/WJ200/index.html

RedirectMatch 301 ^/ice/products/inverters/X200/index\.html$ https://www.hitachi.asia/ice/products/inverters/X200/index.html

RedirectMatch 301 ^/ice/products/inverters/SJ700/index\.html$ https://www.hitachi.asia/ice/products/inverters/SJ700/index.html

RedirectMatch 301 ^/ice/products/inverters/SJ700B/index\.html$ https://www.hitachi.asia/ice/products/inverters/SJ700B/index.html

RedirectMatch 301 ^/ice/pdf/4768\-SGBP\-3565\.pdf$ https://www.hitachi.asia/ice/pdf/4768-SGBP-3565.pdf

RedirectMatch 301 ^/ice/pdf/4769\-SGBP\-3564\.pdf$ https://www.hitachi.asia/ice/pdf/4769-SGBP-3564.pdf

RedirectMatch 301 ^/ice/products/inverters/$ https://www.hitachi.asia/ice/products/inverters/

RedirectMatch 301 ^/ice/products/inverters/applications/index\.html$ https://www.hitachi.asia/ice/products/inverters/applications/index.html

RedirectMatch 301 ^/ice/products/motors/single_phase/index\.html$ https://www.hitachi.asia/ice/products/motors/single_phase/index.html

RedirectMatch 301 ^/ice/products/motors/three_pase/index\.html$ https://www.hitachi.asia/ice/products/motors/three_pase/index.html

RedirectMatch 301 ^/ice/products/motors/cannedtype6/index\.html$ https://www.hitachi.asia/ice/products/motors/cannedtype6/index.html

RedirectMatch 301 ^/ice/products/motors/watertight/index\.html$ https://www.hitachi.asia/ice/products/motors/watertight/index.html

RedirectMatch 301 ^/ice/products/motors/ca/index\.html$ https://www.hitachi.asia/ice/products/motors/ca/index.html

RedirectMatch 301 ^/ice/products/motors/ga/index\.html$ https://www.hitachi.asia/ice/products/motors/ga/index.html

RedirectMatch 301 ^/ice/products/controller/hx\-series/index\.html$ https://www.hitachi.asia/ice/products/controller/hx-series/index.html

RedirectMatch 301 ^/ice/products/controller/EH\-150/index\.html$ https://www.hitachi.asia/ice/products/controller/EH-150/index.html

RedirectMatch 301 ^/ice/products/controller/micro\-eh/index\.html$ https://www.hitachi.asia/ice/products/controller/micro-eh/index.html

RedirectMatch 301 ^/ice/products/controller/software/index\.html$ https://www.hitachi.asia/ice/products/controller/software/index.html

RedirectMatch 301 ^/ice/products/pumps/ground/index\.html$ https://www.hitachi.asia/ice/products/pumps/ground/index.html

RedirectMatch 301 ^/ice/products/pumps/submersible/index\.html$ https://www.hitachi.asia/ice/products/pumps/submersible/index.html

RedirectMatch 301 ^/ice/products/pumps/sewage/index\.html$ https://www.hitachi.asia/ice/products/pumps/sewage/index.html

RedirectMatch 301 ^/ice/products/pumps/w_ace/index\.html$ https://www.hitachi.asia/ice/products/pumps/w_ace/index.html

RedirectMatch 301 ^/ice/products/switches_breakers/molded_case/index\.html$ https://www.hitachi.asia/ice/products/switches_breakers/molded_case/index.html

RedirectMatch 301 ^/ice/products/switches_breakers/earth_leakage/index\.html$ https://www.hitachi.asia/ice/products/switches_breakers/earth_leakage/index.html

RedirectMatch 301 ^/ice/products/switches_breakers/miniature/index\.html$ https://www.hitachi.asia/ice/products/switches_breakers/miniature/index.html

RedirectMatch 301 ^/ice/products/switches_breakers/air2/index\.html$ https://www.hitachi.asia/ice/products/switches_breakers/air2/index.html

RedirectMatch 301 ^/ice/products/switches_breakers/starters/index\.html$ https://www.hitachi.asia/ice/products/switches_breakers/starters/index.html

RedirectMatch 301 ^/ice/products/blowers/e/index\.html$ https://www.hitachi.asia/ice/products/blowers/e/index.html

RedirectMatch 301 ^/ice/products/blowers/g/index\.html$ https://www.hitachi.asia/ice/products/blowers/g/index.html

RedirectMatch 301 ^/ice/products/blowers/dn/index\.html$ https://www.hitachi.asia/ice/products/blowers/dn/index.html

RedirectMatch 301 ^/ice/products/blowers/applications/index\.html$ https://www.hitachi.asia/ice/products/blowers/applications/index.html

RedirectMatch 301 ^/ice/news/2022/20221216/images/20221216\.pdf$ https://www.hitachi.asia/ice/news/2022/20221216/images/20221216.pdf

RedirectMatch 301 ^/ice/news/2020/20200114/images/20200114\.pdf$ https://www.hitachi.asia/ice/news/2020/20200114/images/20200114.pdf

RedirectMatch 301 ^/ice/news/2019/20191227/images/20191227\.pdf$ https://www.hitachi.asia/ice/news/2019/20191227/images/20191227.pdf

RedirectMatch 301 ^/ice/news/2019/20191119/images/20191119\.pdf$ https://www.hitachi.asia/ice/news/2019/20191119/images/20191119.pdf

RedirectMatch 301 ^/ice/news/2019/201901/images/201901\.pdf$ https://www.hitachi.asia/ice/news/2019/201901/images/201901.pdf

RedirectMatch 301 ^/ice/news/2018/201812/images/201812\.pdf$ https://www.hitachi.asia/ice/news/2018/201812/images/201812.pdf

RedirectMatch 301 ^/ice/news/2018/201811/images/201811\.pdf$ https://www.hitachi.asia/ice/news/2018/201811/images/201811.pdf

RedirectMatch 301 ^/ice/news/2018/201810/images/201810\.pdf$ https://www.hitachi.asia/ice/news/2018/201810/images/201810.pdf

RedirectMatch 301 ^/ice/news/2018/201809/images/201809\.pdf$ https://www.hitachi.asia/ice/news/2018/201809/images/201809.pdf

RedirectMatch 301 ^/ice/products/transformers/amorphous/sp/index\.html$ https://www.hitachi.asia/ice/products/transformers/amorphous/sp/index.html

RedirectMatch 301 ^/ice/products/transformers/amorphous/s/index\.html$ https://www.hitachi.asia/ice/products/transformers/amorphous/s/index.html

RedirectMatch 301 ^/ice/products/transformers/amorphous/c/index\.html$ https://www.hitachi.asia/ice/products/transformers/amorphous/c/index.html

RedirectMatch 301 ^/ice/products/transformers/amorphous/ms/index\.html$ https://www.hitachi.asia/ice/products/transformers/amorphous/ms/index.html

RedirectMatch 301 ^/ice/products/transformers/amorphous/mc/index\.html$ https://www.hitachi.asia/ice/products/transformers/amorphous/mc/index.html

RedirectMatch 301 ^/ice/products/hoists/crane_saddles01/spec_tl/index\.html$ https://www.hitachi.asia/ice/products/hoists/crane_saddles01/spec_tl/index.html

RedirectMatch 301 ^/ice/products/hoists/crane_saddles01/spec_th/index\.html$ https://www.hitachi.asia/ice/products/hoists/crane_saddles01/spec_th/index.html

RedirectMatch 301 ^/ice/products/hoists/crane_saddles01/spec_thm/index\.html$ https://www.hitachi.asia/ice/products/hoists/crane_saddles01/spec_thm/index.html

RedirectMatch 301 ^/ice/products/hoists/crane_saddles01/spec_tlm/index\.html$ https://www.hitachi.asia/ice/products/hoists/crane_saddles01/spec_tlm/index.html

RedirectMatch 301 ^/ice/products/hoists/crane_saddles01/spec_sl/index\.html$ https://www.hitachi.asia/ice/products/hoists/crane_saddles01/spec_sl/index.html

RedirectMatch 301 ^/ice/products/hoists/crane_saddles01/spec_slm/index\.html$ https://www.hitachi.asia/ice/products/hoists/crane_saddles01/spec_slm/index.html

RedirectMatch 301 ^/ice/products/hoists/crane_saddles01/spec_tlu/index\.html$ https://www.hitachi.asia/ice/products/hoists/crane_saddles01/spec_tlu/index.html

RedirectMatch 301 ^/ice/products/hoists/crane_saddles01/spec_gu/index\.html$ https://www.hitachi.asia/ice/products/hoists/crane_saddles01/spec_gu/index.html

RedirectMatch 301 ^/ice/products/inkjet_printers/sds/docs/jp_k23_v400E\.pdf$ https://www.hitachi.asia/ice/products/inkjet_printers/sds/docs/jp_k23_v400E.pdf

RedirectMatch 301 ^/ice/products/inkjet_printers/sds/docs/jp_k26_v400E\.pdf$ https://www.hitachi.asia/ice/products/inkjet_printers/sds/docs/jp_k26_v400E.pdf

RedirectMatch 301 ^/ice/products/inkjet_printers/sds/docs/jp_k27_v400E\.pdf$ https://www.hitachi.asia/ice/products/inkjet_printers/sds/docs/jp_k27_v400E.pdf

RedirectMatch 301 ^/ice/products/inkjet_printers/sds/docs/jp_r27_v400E\.pdf$ https://www.hitachi.asia/ice/products/inkjet_printers/sds/docs/jp_r27_v400E.pdf

RedirectMatch 301 ^/ice/products/inkjet_printers/sds/docs/jp_g27_v400E\.pdf$ https://www.hitachi.asia/ice/products/inkjet_printers/sds/docs/jp_g27_v400E.pdf

RedirectMatch 301 ^/ice/products/inkjet_printers/sds/docs/jp_k28_v400E\.pdf$ https://www.hitachi.asia/ice/products/inkjet_printers/sds/docs/jp_k28_v400E.pdf

RedirectMatch 301 ^/ice/products/inkjet_printers/sds/docs/jp_k33_v400E\.pdf$ https://www.hitachi.asia/ice/products/inkjet_printers/sds/docs/jp_k33_v400E.pdf

RedirectMatch 301 ^/ice/products/inkjet_printers/sds/docs/jp_k60_v400E\.pdf$ https://www.hitachi.asia/ice/products/inkjet_printers/sds/docs/jp_k60_v400E.pdf

RedirectMatch 301 ^/ice/products/inkjet_printers/sds/docs/jp_k61_v400E\.pdf$ https://www.hitachi.asia/ice/products/inkjet_printers/sds/docs/jp_k61_v400E.pdf

RedirectMatch 301 ^/ice/products/inkjet_printers/sds/docs/jp_k62_v400E\.pdf$ https://www.hitachi.asia/ice/products/inkjet_printers/sds/docs/jp_k62_v400E.pdf

RedirectMatch 301 ^/ice/products/inkjet_printers/sds/docs/jp_f63_v400E\.pdf$ https://www.hitachi.asia/ice/products/inkjet_printers/sds/docs/jp_f63_v400E.pdf

RedirectMatch 301 ^/ice/products/inkjet_printers/sds/docs/jp_t64_v400E\.pdf$ https://www.hitachi.asia/ice/products/inkjet_printers/sds/docs/jp_t64_v400E.pdf

RedirectMatch 301 ^/ice/products/inkjet_printers/sds/docs/jp_k65_v400E\.pdf$ https://www.hitachi.asia/ice/products/inkjet_printers/sds/docs/jp_k65_v400E.pdf

RedirectMatch 301 ^/ice/products/inkjet_printers/sds/docs/jp_k67_v400E\.pdf$ https://www.hitachi.asia/ice/products/inkjet_printers/sds/docs/jp_k67_v400E.pdf

RedirectMatch 301 ^/ice/products/inkjet_printers/sds/docs/jp_k68_v400E\.pdf$ https://www.hitachi.asia/ice/products/inkjet_printers/sds/docs/jp_k68_v400E.pdf

RedirectMatch 301 ^/ice/products/inkjet_printers/sds/docs/jp_k69_v400E\.pdf$ https://www.hitachi.asia/ice/products/inkjet_printers/sds/docs/jp_k69_v400E.pdf

RedirectMatch 301 ^/ice/products/inkjet_printers/sds/docs/jp_k70_v400E\.pdf$ https://www.hitachi.asia/ice/products/inkjet_printers/sds/docs/jp_k70_v400E.pdf

RedirectMatch 301 ^/ice/products/inkjet_printers/sds/docs/jp_t71_v400E\.pdf$ https://www.hitachi.asia/ice/products/inkjet_printers/sds/docs/jp_t71_v400E.pdf

RedirectMatch 301 ^/ice/products/inkjet_printers/sds/docs/jp_k72_v400E\.pdf$ https://www.hitachi.asia/ice/products/inkjet_printers/sds/docs/jp_k72_v400E.pdf

RedirectMatch 301 ^/ice/products/inkjet_printers/sds/docs/jp_w73_v400E\.pdf$ https://www.hitachi.asia/ice/products/inkjet_printers/sds/docs/jp_w73_v400E.pdf

RedirectMatch 301 ^/ice/products/inkjet_printers/sds/docs/jp_t75_v400E\.pdf$ https://www.hitachi.asia/ice/products/inkjet_printers/sds/docs/jp_t75_v400E.pdf

RedirectMatch 301 ^/ice/products/inkjet_printers/sds/docs/jp_r76_v400E\.pdf$ https://www.hitachi.asia/ice/products/inkjet_printers/sds/docs/jp_r76_v400E.pdf

RedirectMatch 301 ^/ice/products/inkjet_printers/sds/docs/jp_b82_v400E\.pdf$ https://www.hitachi.asia/ice/products/inkjet_printers/sds/docs/jp_b82_v400E.pdf

RedirectMatch 301 ^/ice/products/inkjet_printers/sds/docs/jp_k83_v400E\.pdf$ https://www.hitachi.asia/ice/products/inkjet_printers/sds/docs/jp_k83_v400E.pdf

RedirectMatch 301 ^/ice/products/inkjet_printers/sds/docs/jp_k84_v400E\.pdf$ https://www.hitachi.asia/ice/products/inkjet_printers/sds/docs/jp_k84_v400E.pdf

RedirectMatch 301 ^/ice/products/inkjet_printers/sds/docs/jp_b85_v400E\.pdf$ https://www.hitachi.asia/ice/products/inkjet_printers/sds/docs/jp_b85_v400E.pdf

RedirectMatch 301 ^/ice/products/inkjet_printers/sds/docs/jp_k86_v400E\.pdf$ https://www.hitachi.asia/ice/products/inkjet_printers/sds/docs/jp_k86_v400E.pdf

RedirectMatch 301 ^/ice/products/inkjet_printers/sds/docs/jp_k87_v400E\.pdf$ https://www.hitachi.asia/ice/products/inkjet_printers/sds/docs/jp_k87_v400E.pdf

RedirectMatch 301 ^/ice/products/inkjet_printers/sds/docs/jp_k88_v400E\.pdf$ https://www.hitachi.asia/ice/products/inkjet_printers/sds/docs/jp_k88_v400E.pdf

RedirectMatch 301 ^/ice/products/inkjet_printers/sds/docs/jp_w89_v400E\.pdf$ https://www.hitachi.asia/ice/products/inkjet_printers/sds/docs/jp_w89_v400E.pdf

RedirectMatch 301 ^/ice/products/inkjet_printers/sds/docs/jp_k90_v400E\.pdf$ https://www.hitachi.asia/ice/products/inkjet_printers/sds/docs/jp_k90_v400E.pdf

RedirectMatch 301 ^/ice/products/inkjet_printers/sds/docs/jp_y91_v400E\.pdf$ https://www.hitachi.asia/ice/products/inkjet_printers/sds/docs/jp_y91_v400E.pdf

RedirectMatch 301 ^/ice/products/inkjet_printers/sds/docs/jp_f92_v400E\.pdf$ https://www.hitachi.asia/ice/products/inkjet_printers/sds/docs/jp_f92_v400E.pdf

RedirectMatch 301 ^/ice/products/inkjet_printers/sds/docs/jp_y94_v400E\.pdf$ https://www.hitachi.asia/ice/products/inkjet_printers/sds/docs/jp_y94_v400E.pdf

RedirectMatch 301 ^/ice/products/inkjet_printers/sds/docs/jp_b95_v400E\.pdf$ https://www.hitachi.asia/ice/products/inkjet_printers/sds/docs/jp_b95_v400E.pdf

RedirectMatch 301 ^/ice/products/inkjet_printers/sds/docs/jp_w96_v400E\.pdf$ https://www.hitachi.asia/ice/products/inkjet_printers/sds/docs/jp_w96_v400E.pdf

RedirectMatch 301 ^/ice/products/inkjet_printers/sds/docs/jp_f97_v400E\.pdf$ https://www.hitachi.asia/ice/products/inkjet_printers/sds/docs/jp_f97_v400E.pdf

RedirectMatch 301 ^/ice/products/inkjet_printers/sds/docs/jp_k106_v400E\.pdf$ https://www.hitachi.asia/ice/products/inkjet_printers/sds/docs/jp_k106_v400E.pdf

RedirectMatch 301 ^/ice/products/inkjet_printers/sds/docs/jp_k107_v400E\.pdf$ https://www.hitachi.asia/ice/products/inkjet_printers/sds/docs/jp_k107_v400E.pdf

RedirectMatch 301 ^/ice/products/inkjet_printers/sds/docs/jp_y108_v400E\.pdf$ https://www.hitachi.asia/ice/products/inkjet_printers/sds/docs/jp_y108_v400E.pdf

RedirectMatch 301 ^/ice/products/inkjet_printers/sds/docs/jp_k110_v400E\.pdf$ https://www.hitachi.asia/ice/products/inkjet_printers/sds/docs/jp_k110_v400E.pdf

RedirectMatch 301 ^/ice/products/inkjet_printers/sds/docs/jp_k112_v400E\.pdf$ https://www.hitachi.asia/ice/products/inkjet_printers/sds/docs/jp_k112_v400E.pdf

RedirectMatch 301 ^/ice/products/inkjet_printers/sds/docs/jp_k113_v400E\.pdf$ https://www.hitachi.asia/ice/products/inkjet_printers/sds/docs/jp_k113_v400E.pdf

RedirectMatch 301 ^/ice/products/inkjet_printers/sds/docs/jp_k114_v400E\.pdf$ https://www.hitachi.asia/ice/products/inkjet_printers/sds/docs/jp_k114_v400E.pdf

RedirectMatch 301 ^/ice/products/inkjet_printers/sds/docs/jp_k117_v400E\.pdf$ https://www.hitachi.asia/ice/products/inkjet_printers/sds/docs/jp_k117_v400E.pdf

RedirectMatch 301 ^/ice/products/inkjet_printers/sds/docs/th_18_v400E\.pdf$ https://www.hitachi.asia/ice/products/inkjet_printers/sds/docs/th_18_v400E.pdf

RedirectMatch 301 ^/ice/products/inkjet_printers/sds/docs/th_23_v400E\.pdf$ https://www.hitachi.asia/ice/products/inkjet_printers/sds/docs/th_23_v400E.pdf

RedirectMatch 301 ^/ice/products/inkjet_printers/sds/docs/th_60_v400E\.pdf$ https://www.hitachi.asia/ice/products/inkjet_printers/sds/docs/th_60_v400E.pdf

RedirectMatch 301 ^/ice/products/inkjet_printers/sds/docs/th_63_v400E\.pdf$ https://www.hitachi.asia/ice/products/inkjet_printers/sds/docs/th_63_v400E.pdf

RedirectMatch 301 ^/ice/products/inkjet_printers/sds/docs/th_65_v400E\.pdf$ https://www.hitachi.asia/ice/products/inkjet_printers/sds/docs/th_65_v400E.pdf

RedirectMatch 301 ^/ice/products/inkjet_printers/sds/docs/th_69_v400E\.pdf$ https://www.hitachi.asia/ice/products/inkjet_printers/sds/docs/th_69_v400E.pdf

RedirectMatch 301 ^/ice/products/inkjet_printers/sds/docs/th_70_v400E\.pdf$ https://www.hitachi.asia/ice/products/inkjet_printers/sds/docs/th_70_v400E.pdf

RedirectMatch 301 ^/ice/products/inkjet_printers/sds/docs/th_71_v400E\.pdf$ https://www.hitachi.asia/ice/products/inkjet_printers/sds/docs/th_71_v400E.pdf

RedirectMatch 301 ^/ice/products/inkjet_printers/sds/docs/th_73_v400E\.pdf$ https://www.hitachi.asia/ice/products/inkjet_printers/sds/docs/th_73_v400E.pdf

RedirectMatch 301 ^/ice/products/inkjet_printers/sds/docs/th_75_v400E\.pdf$ https://www.hitachi.asia/ice/products/inkjet_printers/sds/docs/th_75_v400E.pdf

RedirectMatch 301 ^/ice/products/inkjet_printers/sds/docs/th_76_v400E\.pdf$ https://www.hitachi.asia/ice/products/inkjet_printers/sds/docs/th_76_v400E.pdf

RedirectMatch 301 ^/ice/products/inkjet_printers/sds/docs/th_82_v400E\.pdf$ https://www.hitachi.asia/ice/products/inkjet_printers/sds/docs/th_82_v400E.pdf

RedirectMatch 301 ^/ice/products/inkjet_printers/sds/docs/th_83_v400E\.pdf$ https://www.hitachi.asia/ice/products/inkjet_printers/sds/docs/th_83_v400E.pdf

RedirectMatch 301 ^/ice/products/inkjet_printers/sds/docs/th_84_v400E\.pdf$ https://www.hitachi.asia/ice/products/inkjet_printers/sds/docs/th_84_v400E.pdf

RedirectMatch 301 ^/ice/products/inkjet_printers/sds/docs/th_86_v400E\.pdf$ https://www.hitachi.asia/ice/products/inkjet_printers/sds/docs/th_86_v400E.pdf

RedirectMatch 301 ^/ice/products/inkjet_printers/sds/docs/th_96_v400E\.pdf$ https://www.hitachi.asia/ice/products/inkjet_printers/sds/docs/th_96_v400E.pdf

RedirectMatch 301 ^/ice/products/inkjet_printers/sds/docs/th_type_a_v400E\.pdf$ https://www.hitachi.asia/ice/products/inkjet_printers/sds/docs/th_type_a_v400E.pdf

RedirectMatch 301 ^/ice/products/inkjet_printers/sds/docs/th_type_b_v400E\.pdf$ https://www.hitachi.asia/ice/products/inkjet_printers/sds/docs/th_type_b_v400E.pdf

RedirectMatch 301 ^/ice/products/inkjet_printers/sds/docs/th_type_c_v400E\.pdf$ https://www.hitachi.asia/ice/products/inkjet_printers/sds/docs/th_type_c_v400E.pdf

RedirectMatch 301 ^/ice/products/inkjet_printers/sds/docs/th_type_e_v400E\.pdf$ https://www.hitachi.asia/ice/products/inkjet_printers/sds/docs/th_type_e_v400E.pdf

RedirectMatch 301 ^/ice/products/inkjet_printers/sds/docs/th_type_f_v400E\.pdf$ https://www.hitachi.asia/ice/products/inkjet_printers/sds/docs/th_type_f_v400E.pdf

RedirectMatch 301 ^/ice/products/inkjet_printers/sds/docs/rf_p2_v400E\.pdf$ https://www.hitachi.asia/ice/products/inkjet_printers/sds/docs/rf_p2_v400E.pdf

RedirectMatch 301 ^/ice/products/inkjet_printers/sds/docs/rf_b1_v400E\.pdf$ https://www.hitachi.asia/ice/products/inkjet_printers/sds/docs/rf_b1_v400E.pdf

RedirectMatch 301 ^/ice/products/inkjet_printers/sds/docs/cl_83_v400E\.pdf$ https://www.hitachi.asia/ice/products/inkjet_printers/sds/docs/cl_83_v400E.pdf

RedirectMatch 301 ^/ice/products/controller/software/rmd\.html$ https://www.hitachi.asia/ice/products/controller/software/rmd.html

RedirectMatch 301 ^/ice/products/controller/software/tools\.html$ https://www.hitachi.asia/ice/products/controller/software/tools.html

RedirectMatch 301 ^/ice/products/pumps/ground/jd/index\.html$ https://www.hitachi.asia/ice/products/pumps/ground/jd/index.html

RedirectMatch 301 ^/ice/products/pumps/ground/jovd/index\.html$ https://www.hitachi.asia/ice/products/pumps/ground/jovd/index.html

RedirectMatch 301 ^/ice/products/pumps/ground/jdp/index\.html$ https://www.hitachi.asia/ice/products/pumps/ground/jdp/index.html

RedirectMatch 301 ^/ice/products/pumps/ground/njp/index\.html$ https://www.hitachi.asia/ice/products/pumps/ground/njp/index.html

RedirectMatch 301 ^/ice/products/pumps/ground/jc/index\.html$ https://www.hitachi.asia/ice/products/pumps/ground/jc/index.html

RedirectMatch 301 ^/ice/products/pumps/ground/hov/index\.html$ https://www.hitachi.asia/ice/products/pumps/ground/hov/index.html

RedirectMatch 301 ^/ice/products/pumps/ground/jl/index\.html$ https://www.hitachi.asia/ice/products/pumps/ground/jl/index.html

RedirectMatch 301 ^/ice/products/pumps/ground/jlp/index\.html$ https://www.hitachi.asia/ice/products/pumps/ground/jlp/index.html

RedirectMatch 301 ^/ice/products/pumps/ground/gmn/index\.html$ https://www.hitachi.asia/ice/products/pumps/ground/gmn/index.html

RedirectMatch 301 ^/ice/products/pumps/submersible/ju/index\.html$ https://www.hitachi.asia/ice/products/pumps/submersible/ju/index.html

RedirectMatch 301 ^/ice/products/pumps/submersible/jup/index\.html$ https://www.hitachi.asia/ice/products/pumps/submersible/jup/index.html

RedirectMatch 301 ^/ice/products/pumps/submersible/fu/index\.html$ https://www.hitachi.asia/ice/products/pumps/submersible/fu/index.html

RedirectMatch 301 ^/ice/products/pumps/submersible/spu/index\.html$ https://www.hitachi.asia/ice/products/pumps/submersible/spu/index.html

RedirectMatch 301 ^/ice/products/pumps/submersible/pmu/index\.html$ https://www.hitachi.asia/ice/products/pumps/submersible/pmu/index.html

RedirectMatch 301 ^/ice/products/pumps/sewage/un/index\.html$ https://www.hitachi.asia/ice/products/pumps/sewage/un/index.html

RedirectMatch 301 ^/ice/products/pumps/sewage/unp/index\.html$ https://www.hitachi.asia/ice/products/pumps/sewage/unp/index.html

RedirectMatch 301 ^/ice/products/pumps/sewage/us/index\.html$ https://www.hitachi.asia/ice/products/pumps/sewage/us/index.html

RedirectMatch 301 ^/ice/products/pumps/sewage/use/index\.html$ https://www.hitachi.asia/ice/products/pumps/sewage/use/index.html

RedirectMatch 301 ^/ice/products/pumps/sewage/uv/index\.html$ https://www.hitachi.asia/ice/products/pumps/sewage/uv/index.html

RedirectMatch 301 ^/ice/products/pumps/sewage/ub/index\.html$ https://www.hitachi.asia/ice/products/pumps/sewage/ub/index.html

RedirectMatch 301 ^/ice/products/pumps/sewage/ube/index\.html$ https://www.hitachi.asia/ice/products/pumps/sewage/ube/index.html

RedirectMatch 301 ^/ice/products/pumps/w_ace/ij/index\.html$ https://www.hitachi.asia/ice/products/pumps/w_ace/ij/index.html

RedirectMatch 301 ^/ice/products/pumps/w_ace/nj/index\.html$ https://www.hitachi.asia/ice/products/pumps/w_ace/nj/index.html

RedirectMatch 301 ^/ice/products/pumps/w_ace/dij/index\.html$ https://www.hitachi.asia/ice/products/pumps/w_ace/dij/index.html

RedirectMatch 301 ^/ice/products/pumps/w_ace/dwa/index\.html$ https://www.hitachi.asia/ice/products/pumps/w_ace/dwa/index.html

RedirectMatch 301 ^/ice/products/pumps/w_ace/dwas/index\.html$ https://www.hitachi.asia/ice/products/pumps/w_ace/dwas/index.html

RedirectMatch 301 ^/ice/products/switches_breakers/air2/overview\.html$ https://www.hitachi.asia/ice/products/switches_breakers/air2/overview.html

RedirectMatch 301 ^/ice/products/switches_breakers/air2/external_config\.html$ https://www.hitachi.asia/ice/products/switches_breakers/air2/external_config.html

RedirectMatch 301 ^/ice/products/switches_breakers/air2/internal_config\.html$ https://www.hitachi.asia/ice/products/switches_breakers/air2/internal_config.html

RedirectMatch 301 ^/ice/products/switches_breakers/air2/ordering\.html$ https://www.hitachi.asia/ice/products/switches_breakers/air2/ordering.html

RedirectMatch 301 ^/ice/products/switches_breakers/air2/ratings\.html$ https://www.hitachi.asia/ice/products/switches_breakers/air2/ratings.html

RedirectMatch 301 ^/ice/products/switches_breakers/air2/triprelays\.html$ https://www.hitachi.asia/ice/products/switches_breakers/air2/triprelays.html

RedirectMatch 301 ^/ice/products/switches_breakers/air2/acb\.html$ https://www.hitachi.asia/ice/products/switches_breakers/air2/acb.html

RedirectMatch 301 ^/ice/products/switches_breakers/air2/dimensions\.html$ https://www.hitachi.asia/ice/products/switches_breakers/air2/dimensions.html

RedirectMatch 301 ^/ice/products/switches_breakers/air/index\.html$ https://www.hitachi.asia/ice/products/switches_breakers/air/index.html

RedirectMatch 301 ^/ice/products/switches_breakers/starters/3\-specs\.html$ https://www.hitachi.asia/ice/products/switches_breakers/starters/3-specs.html

RedirectMatch 301 ^/ice/products/switches_breakers/starters/selection01\.html$ https://www.hitachi.asia/ice/products/switches_breakers/starters/selection01.html

RedirectMatch 301 ^/ice/products/switches_breakers/starters/selection02\.html$ https://www.hitachi.asia/ice/products/switches_breakers/starters/selection02.html

RedirectMatch 301 ^/ice/products/switches_breakers/starters/selection02_2\.html$ https://www.hitachi.asia/ice/products/switches_breakers/starters/selection02_2.html

RedirectMatch 301 ^/ice/products/switches_breakers/starters/selection03\.html$ https://www.hitachi.asia/ice/products/switches_breakers/starters/selection03.html

RedirectMatch 301 ^/ice/products/switches_breakers/starters/selection04\.html$ https://www.hitachi.asia/ice/products/switches_breakers/starters/selection04.html

RedirectMatch 301 ^/ice/products/switches_breakers/starters/selection05\.html$ https://www.hitachi.asia/ice/products/switches_breakers/starters/selection05.html

RedirectMatch 301 ^/ice/products/switches_breakers/air2/pdf/ordering_1\.pdf$ https://www.hitachi.asia/ice/products/switches_breakers/air2/pdf/ordering_1.pdf

RedirectMatch 301 ^/ice/products/switches_breakers/air2/pdf/ordering_2\.pdf$ https://www.hitachi.asia/ice/products/switches_breakers/air2/pdf/ordering_2.pdf

RedirectMatch 301 ^/ice/products/switches_breakers/air/chara\.html$ https://www.hitachi.asia/ice/products/switches_breakers/air/chara.html

RedirectMatch 301 ^/ice/products/switches_breakers/air/rating\.html$ https://www.hitachi.asia/ice/products/switches_breakers/air/rating.html

RedirectMatch 301 ^/ice/products/switches_breakers/air/C_method\.html$ https://www.hitachi.asia/ice/products/switches_breakers/air/C_method.html

RedirectMatch 301 ^/ice/products/switches_breakers/air/A_devices\.html$ https://www.hitachi.asia/ice/products/switches_breakers/air/A_devices.html

RedirectMatch 301 ^/ice/products/switches_breakers/air/E_trip02\.html$ https://www.hitachi.asia/ice/products/switches_breakers/air/E_trip02.html

RedirectMatch 301 ^/ice/products/switches_breakers/air/E_trip03\.html$ https://www.hitachi.asia/ice/products/switches_breakers/air/E_trip03.html

RedirectMatch 301 ^/ice/products/switches_breakers/air/O_chara02\.html$ https://www.hitachi.asia/ice/products/switches_breakers/air/O_chara02.html

RedirectMatch 301 ^/ice/products/switches_breakers/air/O_chara03\.html$ https://www.hitachi.asia/ice/products/switches_breakers/air/O_chara03.html

RedirectMatch 301 ^/ice/products/switches_breakers/air/chara_c\.html$ https://www.hitachi.asia/ice/products/switches_breakers/air/chara_c.html

RedirectMatch 301 ^/ice/products/switches_breakers/air/dimension\.html$ https://www.hitachi.asia/ice/products/switches_breakers/air/dimension.html

RedirectMatch 301 ^/ice/products/switches_breakers/air/type\.html$ https://www.hitachi.asia/ice/products/switches_breakers/air/type.html

RedirectMatch 301 ^/ice/products/switches_breakers/air/pdf/LS6LS5\.pdf$ https://www.hitachi.asia/ice/products/switches_breakers/air/pdf/LS6LS5.pdf

RedirectMatch 301 ^/ice/products/switches_breakers/air/pdf/LFLN\.pdf$ https://www.hitachi.asia/ice/products/switches_breakers/air/pdf/LFLN.pdf

RedirectMatch 301 ^/ice/products/switches_breakers/air/pdf/NC\.pdf$ https://www.hitachi.asia/ice/products/switches_breakers/air/pdf/NC.pdf

RedirectMatch 301 ^/ice/products/switches_breakers/air/pdf/PM65\.pdf$ https://www.hitachi.asia/ice/products/switches_breakers/air/pdf/PM65.pdf

RedirectMatch 301 ^/ice/brochures/index\.html$ https://www.hitachi.asia/ice/brochures/index.html

RedirectMatch 301 ^/ice/brochures/brochures\.html$ https://www.hitachi.asia/ice/brochures/brochures.html

RedirectMatch 301 ^/ice/brochures/login\.html$ https://www.hitachi.asia/ice/brochures/login.html

